Date,price,ma7,ma30,trend7,prev1,target
2024-06-03,2346.60009765625,2339.342843191964,2344.143318684896,-42.599853515625,2322.89990234375,2325.5
2024-06-04,2325.5,2337.9857003348216,2343.919986979167,-9.5,2346.60009765625,2354.10009765625
2024-06-05,2354.10009765625,2341.0714285714284,2344.7999918619794,21.60009765625,2325.5,2370.300048828125
2024-06-06,2370.300048828125,2343.228585379464,2346.32666015625,15.10009765625,2354.10009765625,2305.199951171875
2024-06-07,2305.199951171875,2338.214285714286,2345.506656901042,-35.10009765625,2370.300048828125,2307.699951171875
2024-06-10,2307.699951171875,2333.185721261161,2344.6033203125,-35.199951171875,2305.199951171875,2307.5
2024-06-11,2307.5,2330.9857352120534,2343.339990234375,-15.39990234375,2307.699951171875,2336.0
2024-06-12,2336.0,2329.471435546875,2344.82666015625,-10.60009765625,2307.5,2300.199951171875
2024-06-13,2300.199951171875,2325.8571428571427,2344.836661783854,-25.300048828125,2336.0,2331.39990234375
2024-06-14,2331.39990234375,2322.6142578125,2345.9099934895835,-22.7001953125,2300.199951171875,2312.39990234375
2024-06-17,2312.39990234375,2314.3428083147323,2346.356656901042,-57.900146484375,2331.39990234375,2330.39990234375
2024-06-18,2330.39990234375,2317.942801339286,2346.6499837239585,25.199951171875,2312.39990234375,2353.800048828125
2024-06-20,2353.800048828125,2324.5285295758927,2347.9366536458333,46.10009765625,2330.39990234375,2316.39990234375
2024-06-21,2316.39990234375,2325.7999441964284,2348.02998046875,8.89990234375,2353.800048828125,2330.0
2024-06-24,2330.0,2324.942801339286,2347.9599772135416,-6.0,2316.39990234375,2316.60009765625
2024-06-25,2316.60009765625,2327.2856794084823,2346.269978841146,16.400146484375,2330.0,2299.199951171875
2024-06-26,2299.199951171875,2322.6856863839284,2345.039973958333,-32.199951171875,2316.60009765625,2324.5
2024-06-27,2324.5,2324.4142717633927,2344.0766438802084,12.10009765625,2299.199951171875,2327.699951171875
2024-06-28,2327.699951171875,2324.028564453125,2342.043310546875,-2.699951171875,2324.5,2327.60009765625
2024-07-01,2327.60009765625,2320.285714285714,2340.2966471354166,-26.199951171875,2327.699951171875,2323.0
2024-07-02,2323.0,2321.228585379464,2337.3233154296877,6.60009765625,2327.60009765625,2359.800048828125
2024-07-03,2359.800048828125,2325.4857352120534,2334.8533203125,29.800048828125,2323.0,2388.5
2024-07-05,2388.5,2335.757149832589,2333.7466552734377,71.89990234375,2359.800048828125,2355.199951171875
2024-07-08,2355.199951171875,2343.757149832589,2332.613321940104,56.0,2388.5,2360.10009765625
2024-07-09,2360.10009765625,2348.8428780691966,2333.449991861979,35.60009765625,2355.199951171875,2372.199951171875
2024-07-10,2372.199951171875,2355.200020926339,2334.7733235677083,44.5,2360.10009765625,2415.0
2024-07-11,2415.0,2367.685721261161,2336.7666585286456,87.39990234375,2372.199951171875,2414.0
2024-07-12,2414.0,2380.685721261161,2339.223323567708,91.0,2415.0,2422.89990234375
2024-07-15,2422.89990234375,2389.6999860491073,2341.889990234375,63.099853515625,2414.0,2462.39990234375
2024-07-16,2462.39990234375,2400.2571149553573,2346.539990234375,73.89990234375,2422.89990234375,2454.800048828125
2024-07-17,2454.800048828125,2414.4857003348216,2350.1466552734373,99.60009765625,2462.39990234375,2451.800048828125
2024-07-18,2451.800048828125,2427.585693359375,2354.356656901042,91.699951171875,2454.800048828125,2395.5
2024-07-19,2395.5,2430.9142717633927,2355.7366536458335,23.300048828125,2451.800048828125,2392.0
2024-07-22,2392.0,2427.6285574776784,2356.4599853515624,-23.0,2395.5,2404.60009765625
2024-07-23,2404.60009765625,2426.285714285714,2359.7733235677083,-9.39990234375,2392.0,2413.300048828125
2024-07-24,2413.300048828125,2424.914306640625,2363.2933268229167,-9.599853515625,2404.60009765625,2351.89990234375
2024-07-25,2351.89990234375,2409.128592354911,2364.7733235677083,-110.5,2413.300048828125,2380.0
2024-07-26,2380.0,2398.44287109375,2366.239990234375,-74.800048828125,2351.89990234375,2377.300048828125
2024-07-29,2377.300048828125,2387.8000139508927,2368.809993489583,-74.5,2380.0,2405.0
2024-07-30,2405.0,2389.157156808036,2371.263330078125,9.5,2377.300048828125,2426.5
2024-07-31,2426.5,2394.0857282366073,2375.0666666666666,34.5,2405.0,2435.0
2024-08-01,2435.0,2398.4285714285716,2378.5533365885417,30.39990234375,2426.5,2425.699951171875
2024-08-02,2425.699951171875,2400.1999860491073,2380.95,12.39990234375,2435.0,2401.699951171875
2024-08-05,2401.699951171875,2407.314278738839,2383.7933349609375,49.800048828125,2425.699951171875,2389.10009765625
2024-08-06,2389.10009765625,2408.6142926897323,2385.7633382161457,9.10009765625,2401.699951171875,2390.5
2024-08-07,2390.5,2410.5,2388.226668294271,13.199951171875,2389.10009765625,2422.199951171875
2024-08-08,2422.199951171875,2412.9571358816966,2392.326668294271,17.199951171875,2390.5,2432.10009765625
2024-08-09,2432.10009765625,2413.757149832589,2395.913338216146,5.60009765625,2422.199951171875,2462.39990234375
2024-08-12,2462.39990234375,2417.6714215959823,2400.4033365885416,27.39990234375,2432.10009765625,2466.699951171875
2024-08-13,2466.699951171875,2423.528564453125,2405.039998372396,41.0,2462.39990234375,2439.39990234375
2024-08-14,2439.39990234375,2428.9142717633927,2408.9199951171877,37.699951171875,2466.699951171875,2453.10009765625
2024-08-15,2453.10009765625,2438.05712890625,2412.029996744792,64.0,2439.39990234375,2498.60009765625
2024-08-16,2498.60009765625,2453.5,2415.7,108.10009765625,2453.10009765625,2501.800048828125
2024-08-19,2501.800048828125,2464.8714425223216,2420.586669921875,79.60009765625,2498.60009765625,2511.300048828125
2024-08-20,2511.300048828125,2476.185721261161,2425.626668294271,79.199951171875,2501.800048828125,2508.39990234375
2024-08-21,2508.39990234375,2482.757149832589,2430.1666666666665,46.0,2511.300048828125,2478.89990234375
2024-08-22,2478.89990234375,2484.5,2432.296663411458,12.199951171875,2508.39990234375,2508.39990234375
2024-08-23,2508.39990234375,2494.3571428571427,2435.443326822917,69.0,2478.89990234375,2517.699951171875
2024-08-26,2517.699951171875,2503.585693359375,2438.6033284505206,64.599853515625,2508.39990234375,2516.0
2024-08-27,2516.0,2506.0713936941966,2440.389998372396,17.39990234375,2517.699951171875,2501.0
2024-08-28,2501.0,2505.957101004464,2441.929996744792,-0.800048828125,2516.0,2525.699951171875
2024-08-29,2525.699951171875,2508.014229910714,2444.3933268229166,14.39990234375,2501.0,2493.800048828125
2024-08-30,2493.800048828125,2505.928536551339,2447.6699951171877,-14.599853515625,2525.699951171875,2489.89990234375
2024-09-03,2489.89990234375,2507.4999651227677,2450.9333251953126,11.0,2493.800048828125,2493.39990234375
2024-09-04,2493.39990234375,2505.357107979911,2453.893318684896,-15.0,2489.89990234375,2511.39990234375
2024-09-05,2511.39990234375,2504.457101004464,2457.1633138020834,-6.300048828125,2493.39990234375,2493.5
2024-09-06,2493.5,2501.2428152901784,2461.8833170572916,-22.5,2511.39990234375,2501.800048828125
2024-09-09,2501.800048828125,2501.357107979911,2465.943318684896,0.800048828125,2493.5,2512.300048828125
2024-09-10,2512.300048828125,2499.4428362165177,2470.443318684896,-13.39990234375,2501.800048828125,2512.10009765625
2024-09-11,2512.10009765625,2502.05712890625,2474.013321940104,18.300048828125,2512.300048828125,2551.199951171875
2024-09-12,2551.199951171875,2510.814278738839,2478.169986979167,61.300048828125,2512.10009765625,2581.300048828125
2024-09-13,2581.300048828125,2523.3714425223216,2483.0466552734374,87.900146484375,2551.199951171875,2580.39990234375
2024-09-16,2580.39990234375,2533.228585379464,2488.2033203125,69.0,2581.300048828125,2564.300048828125
2024-09-17,2564.300048828125,2543.3428780691966,2493.623323567708,70.800048828125,2580.39990234375,2570.699951171875
2024-09-18,2570.699951171875,2553.185721261161,2499.676652018229,68.89990234375,2564.300048828125,2588.0
2024-09-19,2588.0,2564.0,2506.2599853515626,75.699951171875,2570.699951171875,2619.89990234375
2024-09-20,2619.89990234375,2579.399972098214,2512.8499837239583,107.7998046875,2588.0,2626.5
2024-09-23,2626.5,2590.1571219308034,2519.32998046875,75.300048828125,2619.89990234375,2651.199951171875
2024-09-24,2651.199951171875,2600.142822265625,2525.6233154296874,69.89990234375,2626.5,2659.199951171875
2024-09-25,2659.199951171875,2611.399972098214,2532.0399820963544,78.800048828125,2651.199951171875,2669.89990234375
2024-09-26,2669.89990234375,2626.485665457589,2539.7233154296873,105.599853515625,2659.199951171875,2644.300048828125
2024-09-27,2644.300048828125,2636.9999651227677,2546.096647135417,73.60009765625,2669.89990234375,2636.10009765625
2024-09-30,2636.10009765625,2643.871407645089,2550.67998046875,48.10009765625,2644.300048828125,2667.300048828125
2024-10-01,2667.300048828125,2650.6428571428573,2556.1966471354167,47.400146484375,2636.10009765625,2647.10009765625
2024-10-02,2647.10009765625,2653.5857282366073,2560.7233154296873,20.60009765625,2667.300048828125,2657.10009765625
2024-10-03,2657.10009765625,2654.4286063058034,2565.6799886067706,5.900146484375,2647.10009765625,2645.800048828125
2024-10-04,2645.800048828125,2652.514334542411,2571.2433268229165,-13.39990234375,2657.10009765625,2644.800048828125
2024-10-07,2644.800048828125,2648.928641183036,2575.789998372396,-25.099853515625,2645.800048828125,2615.0
2024-10-08,2615.0,2644.742919921875,2579.0333333333333,-29.300048828125,2644.800048828125,2606.0
2024-10-09,2606.0,2640.4429059709823,2582.0333333333333,-30.10009765625,2615.0,2620.60009765625
2024-10-10,2620.60009765625,2633.771484375,2586.0200032552084,-46.699951171875,2606.0,2657.60009765625
2024-10-11,2657.60009765625,2635.271484375,2590.4166748046873,10.5,2620.60009765625,2647.800048828125
2024-10-14,2647.800048828125,2633.9429059709823,2595.550008138021,-9.300048828125,2657.60009765625,2661.39990234375
2024-10-15,2661.39990234375,2636.171456473214,2601.2666748046877,15.599853515625,2647.800048828125,2674.0
2024-10-16,2674.0,2640.3428780691966,2607.2866780598956,29.199951171875,2661.39990234375,2691.0
2024-10-17,2691.0,2651.200020926339,2613.2733479817707,76.0,2674.0,2713.699951171875
2024-10-18,2713.699951171875,2666.5857282366073,2620.613346354167,107.699951171875,2691.0,2723.10009765625
2024-10-21,2723.10009765625,2681.228585379464,2627.9900146484374,102.5,2713.699951171875,2744.199951171875
2024-10-22,2744.199951171875,2693.5999930245534,2635.720011393229,86.599853515625,2723.10009765625,2714.39990234375
2024-10-23,2714.39990234375,2703.1142578125,2642.463338216146,66.599853515625,2744.199951171875,2734.89990234375
2024-10-24,2734.89990234375,2713.6142578125,2648.586669921875,73.5,2714.39990234375,2740.89990234375
2024-10-25,2740.89990234375,2723.17138671875,2653.9066650390623,66.89990234375,2734.89990234375,2742.89990234375
2024-10-28,2742.89990234375,2730.5856584821427,2659.3233317057293,51.89990234375,2740.89990234375,2768.39990234375
2024-10-29,2768.39990234375,2738.3999372209823,2666.12666015625,54.699951171875,2742.89990234375,2788.5
2024-10-30,2788.5,2747.7427804129466,2673.3866617838544,65.39990234375,2768.39990234375,2738.300048828125
2024-10-31,2738.300048828125,2746.8999372209823,2678.396663411458,-5.89990234375,2788.5,2738.60009765625
2024-11-01,2738.60009765625,2750.357107979911,2682.353336588542,24.2001953125,2738.300048828125,2736.10009765625
2024-11-04,2736.10009765625,2750.528564453125,2686.0066731770835,1.2001953125,2738.60009765625,2740.300048828125
2024-11-05,2740.300048828125,2750.44287109375,2688.9766764322917,-0.599853515625,2736.10009765625,2667.60009765625
2024-11-06,2667.60009765625,2739.6857561383927,2689.2566813151043,-75.2998046875,2740.300048828125,2698.39990234375
2024-11-07,2698.39990234375,2729.6857561383927,2690.206681315104,-70.0,2667.60009765625,2687.5
2024-11-08,2687.5,2715.2571847098216,2691.6466796875,-101.0,2698.39990234375,2611.199951171875
2024-11-11,2611.199951171875,2697.100027901786,2690.8166748046874,-127.10009765625,2687.5,2600.0
2024-11-12,2600.0,2677.3000139508927,2688.57333984375,-138.60009765625,2611.199951171875,2580.800048828125
2024-11-13,2580.800048828125,2655.1142926897323,2686.3633382161456,-155.300048828125,2600.0,2568.199951171875
2024-11-14,2568.199951171875,2630.528564453125,2683.4,-172.10009765625,2580.800048828125,2565.699951171875
2024-11-15,2565.699951171875,2615.9714006696427,2680.7299967447916,-101.900146484375,2568.199951171875,2610.60009765625
2024-11-18,2610.60009765625,2603.4285714285716,2679.5899983723957,-87.7998046875,2565.699951171875,2627.10009765625
2024-11-19,2627.10009765625,2594.8000139508927,2679.9933349609373,-60.39990234375,2610.60009765625,2648.199951171875
2024-11-20,2648.199951171875,2600.0857282366073,2681.4,37.0,2627.10009765625,2672.10009765625
2024-11-21,2672.10009765625,2610.3857421875,2683.116666666667,72.10009765625,2648.199951171875,2709.89990234375
2024-11-22,2709.89990234375,2628.8285784040177,2684.8599934895833,129.099853515625,2672.10009765625,2616.800048828125
2024-11-25,2616.800048828125,2635.7714494977677,2683.82666015625,48.60009765625,2709.89990234375,2620.300048828125
2024-11-26,2620.300048828125,2643.571463448661,2682.4566650390625,54.60009765625,2616.800048828125,2639.89990234375
2024-11-27,2639.89990234375,2647.757149832589,2681.3199951171873,29.2998046875,2620.300048828125,2657.0
2024-11-29,2657.0,2652.028564453125,2680.186661783854,29.89990234375,2639.89990234375,2634.89990234375
2024-12-02,2634.89990234375,2650.1285574776784,2677.559993489583,-13.300048828125,2657.0,2644.699951171875
2024-12-03,2644.699951171875,2646.2142508370534,2674.9466552734375,-27.400146484375,2634.89990234375,2653.800048828125
2024-12-04,2653.800048828125,2638.1999860491073,2671.9333251953126,-56.099853515625,2644.699951171875,2626.60009765625
2024-12-05,2626.60009765625,2639.5999930245534,2669.0066650390627,9.800048828125,2653.800048828125,2638.60009765625
2024-12-06,2638.60009765625,2642.214285714286,2665.796671549479,18.300048828125,2626.60009765625,2664.89990234375
2024-12-09,2664.89990234375,2645.785714285714,2663.2633382161457,25.0,2638.60009765625,2697.60009765625
2024-12-10,2697.60009765625,2651.5857282366073,2661.7533447265623,40.60009765625,2664.89990234375,2733.800048828125
2024-12-11,2733.800048828125,2665.7143205915177,2660.6000162760415,98.900146484375,2697.60009765625,2687.5
2024-12-12,2687.5,2671.82861328125,2657.233349609375,42.800048828125,2733.800048828125,2656.0
2024-12-13,2656.0,2672.142892020089,2654.4900146484374,2.199951171875,2687.5,2651.39990234375
2024-12-16,2651.39990234375,2675.685721261161,2651.5833414713543,24.7998046875,2656.0,2644.39990234375
2024-12-17,2644.39990234375,2676.5142647879466,2648.5266682942706,5.7998046875,2651.39990234375,2636.5
2024-12-18,2636.5,2672.4571358816966,2645.0666666666666,-28.39990234375,2644.39990234375,2592.199951171875
2024-12-19,2592.199951171875,2657.399972098214,2642.553328450521,-105.400146484375,2636.5,2628.699951171875
2024-12-20,2628.699951171875,2642.385672433036,2640.2299967447916,-105.10009765625,2592.199951171875,2612.300048828125
2024-12-23,2612.300048828125,2631.642822265625,2637.7233317057294,-75.199951171875,2628.699951171875,2620.0
2024-12-24,2620.0,2626.4999651227677,2638.016666666667,-36.0,2612.300048828125,2638.800048828125
2024-12-26,2638.800048828125,2624.6999860491073,2639.3100016276044,-12.599853515625,2620.0,2617.199951171875
2024-12-27,2617.199951171875,2620.814278738839,2640.523331705729,-27.199951171875,2638.800048828125,2606.10009765625
2024-12-30,2606.10009765625,2616.471435546875,2641.786669921875,-30.39990234375,2617.199951171875,2629.199951171875
2024-12-31,2629.199951171875,2621.757149832589,2643.9033365885416,37.0,2606.10009765625,2658.89990234375
2025-01-02,2658.89990234375,2626.0714285714284,2645.513330078125,30.199951171875,2629.199951171875,2645.0
2025-01-03,2645.0,2630.742850167411,2646.1099934895833,32.699951171875,2658.89990234375,2638.39990234375
2025-01-06,2638.39990234375,2633.371407645089,2645.7833251953125,18.39990234375,2645.0,2656.699951171875
2025-01-07,2656.699951171875,2635.928536551339,2645.269986979167,17.89990234375,2638.39990234375,2664.5
2025-01-08,2664.5,2642.6856863839284,2643.756656901042,47.300048828125,2656.699951171875,2683.800048828125
2025-01-09,2683.800048828125,2653.7856794084823,2645.989990234375,77.699951171875,2664.5,2708.5
2025-01-10,2708.5,2665.1142578125,2648.9299886067706,79.300048828125,2683.800048828125,2673.5
2025-01-13,2673.5,2667.1999860491073,2650.0499918619794,14.60009765625,2708.5,2677.5
2025-01-14,2677.5,2671.842843191964,2650.7333251953123,32.5,2673.5,2712.5
2025-01-15,2712.5,2682.4285714285716,2653.3199951171873,74.10009765625,2677.5,2746.39990234375
2025-01-16,2746.39990234375,2695.242850167411,2656.709993489583,89.699951171875,2712.5,2744.300048828125
2025-01-17,2744.300048828125,2706.6428571428573,2659.72666015625,79.800048828125,2746.39990234375,2755.0
2025-01-21,2755.0,2716.814278738839,2664.006656901042,71.199951171875,2744.300048828125,2767.60009765625
2025-01-22,2767.60009765625,2725.257149832589,2668.3066569010416,59.10009765625,2755.0,2763.10009765625
2025-01-23,2763.10009765625,2738.0571637834823,2671.5799967447915,89.60009765625,2767.60009765625,2777.300048828125
2025-01-24,2777.300048828125,2752.3143136160716,2674.2366617838543,99.800048828125,2763.10009765625,2737.5
2025-01-27,2737.5,2755.8857421875,2674.3599934895833,25.0,2777.300048828125,2766.800048828125
2025-01-28,2766.800048828125,2758.800048828125,2677.0033284505207,20.400146484375,2737.5,2769.10009765625
2025-01-29,2769.10009765625,2762.3429129464284,2680.773331705729,24.800048828125,2766.800048828125,2823.0
2025-01-30,2823.0,2772.057198660714,2686.4933349609373,68.0,2769.10009765625,2812.5
2025-01-31,2812.5,2778.4714704241073,2692.096671549479,44.89990234375,2823.0,2833.89990234375
2025-02-03,2833.89990234375,2788.5857282366073,2698.6766682942707,70.7998046875,2812.5,2853.300048828125
2025-02-04,2853.300048828125,2799.44287109375,2707.3800048828125,76.0,2833.89990234375,2871.60009765625
2025-02-05,2871.60009765625,2818.600027901786,2715.4766764322917,134.10009765625,2853.300048828125,2856.0
2025-02-06,2856.0,2831.3428780691966,2723.6000081380207,89.199951171875,2871.60009765625,2867.300048828125
2025-02-07,2867.300048828125,2845.3714425223216,2731.8433430989585,98.199951171875,2856.0,2914.300048828125
2025-02-10,2914.300048828125,2858.414306640625,2741.026676432292,91.300048828125,2867.300048828125,2912.5
2025-02-11,2912.5,2872.700020926339,2750.870011393229,100.0,2914.300048828125,2909.0
2025-02-12,2909.0,2883.4286063058034,2760.9666748046875,75.10009765625,2912.5,2925.89990234375
2025-02-13,2925.89990234375,2893.8000139508927,2770.8566731770834,72.599853515625,2909.0,2883.60009765625
2025-02-14,2883.60009765625,2895.5142996651784,2778.3466796875,12.0,2925.89990234375,2931.60009765625
2025-02-18,2931.60009765625,2906.3143136160716,2787.9000162760417,75.60009765625,2883.60009765625,2919.39990234375
2025-02-19,2919.39990234375,2913.757149832589,2797.2666829427085,52.099853515625,2931.60009765625,2940.0
2025-02-20,2940.0,2917.4285714285716,2806.7100179036456,25.699951171875,2919.39990234375,2937.60009765625
2025-02-21,2937.60009765625,2921.0142996651784,2815.8133544921875,25.10009765625,2940.0,2947.89990234375
2025-02-24,2947.89990234375,2926.5714285714284,2824.6166829427084,38.89990234375,2937.60009765625,2904.5
2025-02-25,2904.5,2923.5142996651784,2831.1500162760417,-21.39990234375,2947.89990234375,2916.800048828125
2025-02-26,2916.800048828125,2928.257149832589,2839.260017903646,33.199951171875,2904.5,2883.199951171875
2025-02-27,2883.199951171875,2921.342843191964,2846.1166829427084,-48.400146484375,2916.800048828125,2836.800048828125
2025-02-28,2836.800048828125,2909.5428641183034,2850.260017903646,-82.599853515625,2883.199951171875,2890.199951171875
2025-03-03,2890.199951171875,2902.4285714285716,2855.0533528645833,-49.800048828125,2836.800048828125,2909.60009765625
2025-03-04,2909.60009765625,2898.4285714285716,2860.5633544921875,-28.0,2890.199951171875,2915.300048828125
2025-03-05,2915.300048828125,2893.7714494977677,2865.906689453125,-32.599853515625,2909.60009765625,2916.60009765625
2025-03-06,2916.60009765625,2895.5000348772323,2870.873356119792,12.10009765625,2915.300048828125,2904.699951171875
2025-03-07,2904.699951171875,2893.7714494977677,2875.5933512369793,-12.10009765625,2916.60009765625,2891.0
2025-03-10,2891.0,2894.8857421875,2879.383349609375,7.800048828125,2904.699951171875,2912.89990234375
2025-03-11,2912.89990234375,2905.757149832589,2885.230013020833,76.099853515625,2891.0,2939.10009765625
2025-03-12,2939.10009765625,2912.7428850446427,2890.973347981771,48.900146484375,2912.89990234375,2984.300048828125
2025-03-13,2984.300048828125,2923.414306640625,2898.1466796875,74.699951171875,2939.10009765625,2994.5
2025-03-14,2994.5,2934.728585379464,2903.863346354167,79.199951171875,2984.300048828125,3000.0
2025-03-17,3000.0,2946.6428571428573,2910.113346354167,83.39990234375,2994.5,3035.10009765625
2025-03-18,3035.10009765625,2965.2714494977677,2916.82001953125,130.400146484375,3000.0,3035.89990234375
2025-03-19,3035.89990234375,2985.971435546875,2922.9066813151044,144.89990234375,3035.10009765625,3040.0
2025-03-20,3040.0,3004.128592354911,2928.520011393229,127.10009765625,3035.89990234375,3018.199951171875
2025-03-21,3018.199951171875,3015.4285714285716,2933.9266764322915,79.099853515625,3040.0,3013.10009765625
2025-03-24,3013.10009765625,3019.5428641183034,2938.7866780598956,28.800048828125,3018.199951171875,3023.699951171875
2025-03-25,3023.699951171875,3023.714285714286,2942.433341471354,29.199951171875,3013.10009765625,3020.89990234375
2025-03-26,3020.89990234375,3026.6999860491073,2946.046671549479,20.89990234375,3023.699951171875,3060.199951171875
2025-03-27,3060.199951171875,3030.2856794084823,2951.086669921875,25.099853515625,3020.89990234375,3086.5
2025-03-28,3086.5,3037.5142647879466,2956.440006510417,50.60009765625,3060.199951171875,3122.800048828125
2025-03-31,3122.800048828125,3049.342843191964,2964.413338216146,82.800048828125,3086.5,3118.89990234375
2025-04-01,3118.89990234375,3063.7285505022323,2970.6566650390623,100.699951171875,3122.800048828125,3139.89990234375
2025-04-02,3139.89990234375,3081.8428083147323,2978.0066650390627,126.7998046875,3118.89990234375,3097.0
2025-04-03,3097.0,3092.3142438616073,2983.239998372396,73.300048828125,3139.89990234375,3012.0
2025-04-04,3012.0,3091.0428292410716,2985.7199951171874,-8.89990234375,3097.0,2951.300048828125
2025-04-07,2951.300048828125,3075.4857003348216,2985.8333333333335,-108.89990234375,3012.0,2968.39990234375
2025-04-08,2968.39990234375,3058.6142578125,2987.963330078125,-118.10009765625,2951.300048828125,3056.5
2025-04-09,3056.5,3049.142822265625,2992.6199951171875,-66.300048828125,2968.39990234375,3155.199951171875
2025-04-10,3155.199951171875,3054.328543526786,3001.686661783854,36.300048828125,3056.5,3222.199951171875
2025-04-11,3222.199951171875,3066.085693359375,3014.5333251953125,82.300048828125,3155.199951171875,3204.800048828125
2025-04-14,3204.800048828125,3081.4857003348216,3025.0199951171876,107.800048828125,3222.199951171875,3218.699951171875
2025-04-15,3218.699951171875,3111.0142647879466,3035.3233235677085,206.699951171875,3204.800048828125,3326.60009765625
2025-04-16,3326.60009765625,3164.6285574776784,3049.0333251953125,375.300048828125,3218.699951171875,3308.699951171875
2025-04-17,3308.699951171875,3213.242850167411,3062.1033203125,340.300048828125,3326.60009765625,3406.199951171875
2025-04-21,3406.199951171875,3263.1999860491073,3078.8199869791665,349.699951171875,3308.699951171875,3400.800048828125
2025-04-22,3400.800048828125,3298.285714285714,3095.8133219401043,245.60009765625,3406.199951171875,3276.300048828125
2025-04-23,3276.300048828125,3306.0142996651784,3107.92666015625,54.10009765625,3400.800048828125,3332.0
2025-04-24,3332.0,3324.185721261161,3121.0233235677083,127.199951171875,3276.300048828125,3282.39990234375
2025-04-25,3282.39990234375,3333.285714285714,3130.9599853515624,63.699951171875,3332.0,3332.5
2025-04-28,3332.5,3334.1285574776784,3142.2266520182293,5.89990234375,3282.39990234375,3318.800048828125
2025-04-29,3318.800048828125,3335.5714285714284,3152.8533203125,10.10009765625,3332.5,3305.0
2025-04-30,3305.0,3321.1142926897323,3161.8499837239583,-101.199951171875,3318.800048828125,3210.0
2025-05-01,3210.0,3293.8571428571427,3167.6533203125,-190.800048828125,3305.0,3231.89990234375
2025-05-02,3231.89990234375,3287.5142647879466,3174.049983723958,-44.400146484375,3210.0,3311.300048828125
2025-05-05,3311.300048828125,3284.55712890625,3183.8199869791665,-20.699951171875,3231.89990234375,3411.39990234375
2025-05-06,3411.39990234375,3302.9857003348216,3197.096647135417,129.0,3311.300048828125,3381.39990234375
2025-05-07,3381.39990234375,3309.9714006696427,3209.019978841146,48.89990234375,3411.39990234375,3296.60009765625
2025-05-08,3296.60009765625,3306.799979073661,3218.2099853515624,-22.199951171875,3381.39990234375,3335.39990234375
2025-05-09,3335.39990234375,3311.142822265625,3227.3833170572916,30.39990234375,3296.60009765625,3220.0
2025-05-12,3220.0,3312.5713936941966,3231.833317057292,10.0,3335.39990234375,3240.300048828125
2025-05-13,3240.300048828125,3313.771414620536,3235.7499837239584,8.400146484375,3220.0,3181.39990234375
2025-05-14,3181.39990234375,3295.2142508370534,3237.833317057292,-129.900146484375,3240.300048828125,3220.699951171875
2025-05-15,3220.699951171875,3267.9714006696427,3240.526652018229,-190.699951171875,3181.39990234375,3182.0
2025-05-16,3182.0,3239.4857003348216,3243.3599853515625,-199.39990234375,3220.699951171875,3228.89990234375
2025-05-19,3228.89990234375,3229.8142438616073,3250.589982096354,-67.7001953125,3182.0,3280.300048828125
2025-05-20,3280.300048828125,3221.9428362165177,3261.556648763021,-55.099853515625,3228.89990234375,3309.300048828125
2025-05-21,3309.300048828125,3234.6999860491073,3272.919986979167,89.300048828125,3280.300048828125,3292.300048828125
2025-05-22,3292.300048828125,3242.1285574776784,3280.779988606771,52.0,3309.300048828125,3363.60009765625
2025-05-23,3363.60009765625,3268.157156808036,3287.72666015625,182.2001953125,3292.300048828125,3299.10009765625
2025-05-27,3299.10009765625,3279.357177734375,3290.289998372396,78.400146484375,3363.60009765625,3293.60009765625
2025-05-28,3293.60009765625,3295.300048828125,3293.25,111.60009765625,3299.10009765625,3317.10009765625
2025-05-29,3317.10009765625,3307.900076729911,3296.5300048828126,88.2001953125,3293.60009765625,3288.89990234375
2025-05-30,3288.89990234375,3309.1286272321427,3295.273331705729,8.599853515625,3317.10009765625,3370.60009765625
2025-06-02,3370.60009765625,3317.8857770647323,3297.336669921875,61.300048828125,3288.89990234375,3350.199951171875
2025-06-03,3350.199951171875,3326.1571916852677,3295.470003255208,57.89990234375,3370.60009765625,3373.5
2025-06-04,3373.5,3327.571463448661,3294.5600016276044,9.89990234375,3350.199951171875,3350.699951171875
2025-06-05,3350.699951171875,3334.94287109375,3297.039998372396,51.599853515625,3373.5,3322.699951171875
2025-06-06,3322.699951171875,3339.0999930245534,3296.7299967447916,29.099853515625,3350.699951171875,3332.10009765625
2025-06-09,3332.10009765625,3341.242850167411,3298.386669921875,15.0,3322.699951171875,3320.89990234375
2025-06-10,3320.89990234375,3345.814278738839,3298.0,32.0,3332.10009765625,3321.300048828125
2025-06-11,3321.300048828125,3338.771414620536,3298.0833333333335,-49.300048828125,3320.89990234375,3380.89990234375
2025-06-12,3380.89990234375,3343.1571219308034,3300.613330078125,30.699951171875,3321.300048828125,3431.199951171875
2025-06-13,3431.199951171875,3351.399972098214,3307.9866617838543,57.699951171875,3380.89990234375,3396.39990234375
2025-06-16,3396.39990234375,3357.928536551339,3313.4699951171874,45.699951171875,3431.199951171875,3386.60009765625
2025-06-17,3386.60009765625,3367.05712890625,3315.9799967447916,63.900146484375,3396.39990234375,3389.800048828125
2025-06-18,3389.800048828125,3375.299979073661,3315.260001627604,57.699951171875,3386.60009765625,3368.10009765625
2025-06-20,3368.10009765625,3382.0428641183034,3314.8166748046874,47.2001953125,3389.800048828125,3377.699951171875
2025-06-23,3377.699951171875,3390.0999930245534,3317.5200032552084,56.39990234375,3368.10009765625,3317.39990234375
2025-06-24,3317.39990234375,3381.028564453125,3316.9200032552085,-63.5,3377.699951171875,3327.10009765625
2025-06-25,3327.10009765625,3366.157156808036,3320.4900065104166,-104.099853515625,3317.39990234375,3333.5
2025-06-26,3333.5,3357.171456473214,3323.596671549479,-62.89990234375,3327.10009765625,3273.699951171875
2025-06-27,3273.699951171875,3341.0428641183034,3326.67333984375,-112.900146484375,3333.5,3294.39990234375
2025-06-30,3294.39990234375,3327.4142717633927,3329.1300048828125,-95.400146484375,3273.699951171875,3336.699951171875
2025-07-01,3336.699951171875,3322.928536551339,3334.286669921875,-31.400146484375,3294.39990234375,3348.0
2025-07-02,3348.0,3318.6856863839284,3338.2566731770835,-29.699951171875,3336.699951171875,3331.60009765625
2025-07-03,3331.60009765625,3320.714285714286,3339.9666748046875,14.2001953125,3348.0,3332.5
2025-07-04,3332.5,3321.4857003348216,3340.7400065104166,5.39990234375,3331.60009765625,3332.199951171875
2025-07-07,3332.199951171875,3321.299979073661,3342.070003255208,-1.300048828125,3332.5,3307.0
2025-07-08,3307.0,3326.05712890625,3340.1833333333334,33.300048828125,3332.199951171875,3311.60009765625
2025-07-09,3311.60009765625,3328.5142996651784,3340.6,17.2001953125,3307.0,3317.39990234375
2025-07-10,3317.39990234375,3325.757149832589,3341.3933268229166,-19.300048828125,3311.60009765625,3356.0
2025-07-11,3356.0,3326.9000069754466,3342.689990234375,8.0,3317.39990234375,3351.5
2025-07-14,3351.5,3329.742850167411,3344.77666015625,19.89990234375,3356.0,3329.800048828125
2025-07-15,3329.800048828125,3329.3571428571427,3343.4166585286457,-2.699951171875,3351.5,3352.5
2025-07-16,3352.5,3332.257149832589,3343.4933268229165,20.300048828125,3329.800048828125,3340.10009765625
2025-07-17,3340.10009765625,3336.9857352120534,3342.3799967447917,33.10009765625,3352.5,3353.0
2025-07-18,3353.0,3342.9000069754466,3342.4566650390625,41.39990234375,3340.10009765625,3401.89990234375
2025-07-21,3401.89990234375,3354.971435546875,3345.0966634114584,84.5,3353.0,3439.199951171875
2025-07-22,3439.199951171875,3366.8571428571427,3348.6666585286457,83.199951171875,3401.89990234375,3394.10009765625
2025-07-23,3394.10009765625,3372.94287109375,3351.1066650390626,42.60009765625,3439.199951171875,3371.0
2025-07-24,3371.0,3378.8285784040177,3352.763330078125,41.199951171875,3394.10009765625,3334.0
2025-07-25,3334.0,3376.185721261161,3351.2,-18.5,3371.0,3309.10009765625
2025-07-28,3309.10009765625,3371.757149832589,3347.1300048828125,-31.0,3334.0,3323.39990234375
2025-07-29,3323.39990234375,3367.528564453125,3344.696671549479,-29.60009765625,3309.10009765625,3295.800048828125
2025-07-30,3295.800048828125,3352.3714425223216,3341.6700032552085,-106.099853515625,3323.39990234375,3293.199951171875
2025-07-31,3293.199951171875,3331.5142996651784,3338.45,-146.0,3295.800048828125,3347.699951171875
2025-08-01,3347.699951171875,3324.8857073102677,3337.7699951171876,-46.400146484375,3293.199951171875,3374.39990234375
2025-08-04,3374.39990234375,3325.371407645089,3337.6599934895835,3.39990234375,3347.699951171875,3381.89990234375
2025-08-05,3381.89990234375,3332.2142508370534,3339.809993489583,47.89990234375,3374.39990234375,3380.0
2025-08-06,3380.0,3342.3428083147323,3341.5733235677085,70.89990234375,3381.89990234375,3400.300048828125
2025-08-07,3400.300048828125,3353.328543526786,3343.7999918619794,76.900146484375,3380.0,3439.10009765625
2025-08-08,3439.10009765625,3373.799979073661,3349.313330078125,143.300048828125,3400.300048828125,3353.10009765625
2025-08-11,3353.10009765625,3382.3571428571427,3351.2700032552084,59.900146484375,3439.10009765625,3348.89990234375
2025-08-12,3348.89990234375,3382.528564453125,3351.6766682942707,1.199951171875,3353.10009765625,3358.699951171875
2025-08-13,3358.699951171875,3380.285714285714,3352.0333333333333,-15.699951171875,3348.89990234375,3335.199951171875
2025-08-14,3335.199951171875,3373.6142926897323,3352.153328450521,-46.699951171875,3358.699951171875,3336.0
2025-08-15,3336.0,3367.3285784040177,3352.2699951171876,-44.0,3335.199951171875,3331.699951171875
2025-08-18,3331.699951171875,3357.528564453125,3352.2533284505207,-68.60009765625,3336.0,3313.39990234375
2025-08-19,3313.39990234375,3339.5713936941966,3352.466658528646,-125.7001953125,3331.699951171875,3343.39990234375
2025-08-20,3343.39990234375,3338.1856515066966,3353.526652018229,-9.7001953125,3313.39990234375,3336.89990234375
2025-08-21,3336.89990234375,3336.471365792411,3354.176652018229,-12.0,3343.39990234375,3374.39990234375
2025-08-22,3374.39990234375,3338.7142159598216,3354.7899820963544,15.699951171875,3336.89990234375,3373.800048828125
2025-08-25,3373.800048828125,3344.228515625,3355.5333170572917,38.60009765625,3374.39990234375,3388.60009765625
2025-08-26,3388.60009765625,3351.7428152901784,3357.4933186848957,52.60009765625,3373.800048828125,3404.60009765625
2025-08-27,3404.60009765625,3362.1571219308034,3359.229988606771,72.900146484375,3388.60009765625,3431.800048828125
2025-08-28,3431.800048828125,3379.0714285714284,3362.286653645833,118.400146484375,3404.60009765625,3473.699951171875
2025-08-29,3473.699951171875,3397.685721261161,3366.3099853515623,130.300048828125,3431.800048828125,3549.39990234375
2025-09-02,3549.39990234375,3428.0428641183034,3371.2266520182293,212.5,3473.699951171875,3593.199951171875
2025-09-03,3593.199951171875,3459.3000139508927,3376.3599853515625,218.800048828125,3549.39990234375,3565.800048828125
2025-09-04,3565.800048828125,3486.728585379464,3382.083317057292,192.0,3593.199951171875,3613.199951171875
2025-09-05,3613.199951171875,3518.814278738839,3390.1566487630207,224.599853515625,3565.800048828125,3638.10009765625
2025-09-08,3638.10009765625,3552.1714215959823,3400.293318684896,233.5,3613.199951171875,3643.300048828125
2025-09-09,3643.300048828125,3582.3857073102677,3411.433317057292,211.5,3638.10009765625,3643.60009765625
2025-09-10,3643.60009765625,3606.657156808036,3422.106656901042,169.900146484375,3643.300048828125,3636.89990234375
2025-09-11,3636.89990234375,3619.157156808036,3433.4766520182293,87.5,3643.60009765625,3649.39990234375
2025-09-12,3649.39990234375,3627.185721261161,3445.3499837239583,56.199951171875,3636.89990234375,3682.199951171875
2025-09-15,3682.199951171875,3643.814278738839,3456.4999837239584,116.39990234375,3649.39990234375,3688.89990234375
2025-09-16,3688.89990234375,3654.6285574776784,3466.9833170572915,75.699951171875,3682.199951171875,3681.800048828125
2025-09-17,3681.800048828125,3660.871407645089,3476.979988606771,43.699951171875,3688.89990234375,3643.699951171875
2025-09-18,3643.699951171875,3660.928536551339,3485.769986979167,0.39990234375,3681.800048828125,3671.5
2025-09-19,3671.5,3664.914236886161,3494.8099853515623,27.89990234375,3643.699951171875,3740.699951171875
2025-09-22,3740.699951171875,3679.7428152901784,3504.863313802083,103.800048828125,3671.5,3780.60009765625
2025-09-23,3780.60009765625,3698.4857003348216,3519.113313802083,131.2001953125,3740.699951171875,3732.10009765625
2025-09-24,3732.10009765625,3705.6142926897323,3531.886653645833,49.900146484375,3780.60009765625,3736.89990234375
2025-09-25,3736.89990234375,3712.471435546875,3544.4933186848957,48.0,3732.10009765625,3775.300048828125
2025-09-26,3775.300048828125,3725.8285784040177,3559.163321940104,93.5,3736.89990234375,3820.89990234375
2025-09-29,3820.89990234375,3751.1428571428573,3575.326652018229,177.199951171875,3775.300048828125,3840.800048828125
2025-09-30,3840.800048828125,3775.3285784040177,3592.2966552734374,169.300048828125,3820.89990234375,3867.5
2025-10-01,3867.5,3793.44287109375,3610.7666585286456,126.800048828125,3840.800048828125,3839.699951171875
2025-10-02,3839.699951171875,3801.8857073102677,3627.309993489583,59.099853515625,3867.5,3880.800048828125
2025-10-03,3880.800048828125,3823.1285574776784,3645.4399983723956,148.699951171875,3839.699951171875,3948.5
2025-10-06,3948.5,3853.3571428571427,3664.576668294271,211.60009765625,3880.800048828125,3976.60009765625
2025-10-07,3976.60009765625,3882.1142926897323,3684.6700032552085,201.300048828125,3948.5,4043.300048828125
2025-10-08,4043.300048828125,3913.8857421875,3706.4933349609373,222.400146484375,3976.60009765625,3946.300048828125
2025-10-09,3946.300048828125,3928.9571707589284,3724.55,105.5,4043.300048828125,3975.89990234375
2025-10-10,3975.89990234375,3944.44287109375,3742.686661783854,108.39990234375,3946.300048828125,4108.60009765625
2025-10-13,4108.60009765625,3982.857177734375,3763.85,268.900146484375,3975.89990234375,4138.7001953125
2025-10-14,4138.7001953125,4019.7000558035716,3783.493343098958,257.900146484375,4108.60009765625,4176.89990234375
2025-10-15,4176.89990234375,4052.32861328125,3802.9500081380206,228.39990234375,4138.7001953125,4280.2001953125
2025-10-16,4280.2001953125,4095.7000558035716,3826.7633463541665,303.60009765625,4176.89990234375,4189.89990234375
2025-10-17,4189.89990234375,4116.64289202009,3845.986678059896,146.599853515625,4280.2001953125,4336.39990234375
2025-10-20,4336.39990234375,4172.371442522322,3869.2633382161457,390.099853515625,4189.89990234375,4087.699951171875
2025-10-21,4087.699951171875,4188.342878069197,3884.076668294271,111.800048828125,4336.39990234375,4044.39990234375
2025-10-22,4044.39990234375,4179.171421595982,3897.436661783854,-64.2001953125,4087.699951171875,4125.5
2025-10-23,4125.5,4177.285679408482,3913.7233317057294,-13.2001953125,4044.39990234375,4118.39990234375
2025-10-24,4118.39990234375,4168.92853655134,3929.3566650390626,-58.5,4125.5,4001.89990234375
2025-10-27,4001.89990234375,4129.171351841518,3940.013330078125,-278.30029296875,4118.39990234375,3966.199951171875
2025-10-28,3966.199951171875,4097.214215959822,3949.2566650390627,-223.699951171875,4001.89990234375,3983.699951171875
2025-10-29,3983.699951171875,4046.8285086495534,3959.3199951171873,-352.699951171875,3966.199951171875,4001.300048828125
2025-10-30,4001.300048828125,4034.485665457589,3971.239998372396,-86.39990234375,3983.699951171875,3982.199951171875
2025-10-31,3982.199951171875,4025.5999581473216,3981.5966634114584,-62.199951171875,4001.300048828125,4000.300048828125
2025-11-03,4000.300048828125,4007.7142508370534,3990.25,-125.199951171875,3982.199951171875,3947.699951171875
2025-11-04,3947.699951171875,3983.328543526786,3995.8199951171873,-170.699951171875,4000.300048828125,3980.300048828125
2025-11-05,3980.300048828125,3980.242850167411,4004.093326822917,-21.599853515625,3947.699951171875,3979.89990234375
2025-11-06,3979.89990234375,3982.1999860491073,4012.193326822917,13.699951171875,3980.300048828125,3999.39990234375
2025-11-07,3999.39990234375,3984.4428362165177,4019.663321940104,15.699951171875,3979.89990234375,4111.7998046875
2025-11-10,4111.7998046875,4000.228515625,4029.3599853515625,110.499755859375,3999.39990234375,4106.7998046875
2025-11-11,4106.7998046875,4018.028494698661,4038.2266438802085,124.599853515625,4111.7998046875,4204.39990234375
2025-11-12,4204.39990234375,4047.185616629464,4049.456640625,204.099853515625,4106.7998046875,4186.89990234375
2025-11-13,4186.89990234375,4081.3570382254466,4061.0299723307294,239.199951171875,4204.39990234375,4087.60009765625
2025-11-14,4087.60009765625,4096.685616629465,4067.923307291667,107.300048828125,4186.89990234375,4068.300048828125
2025-11-17,4068.300048828125,4109.314208984375,4071.916642252604,88.400146484375,4087.60009765625,4061.300048828125
2025-11-18,4061.300048828125,4118.157087053572,4074.7399739583334,61.900146484375,4068.300048828125,4077.699951171875
2025-11-19,4077.699951171875,4113.285679408482,4075.8866373697915,-34.099853515625,4061.300048828125,4056.5
2025-11-20,4056.5,4106.099993024553,4079.5599690755207,-50.2998046875,4077.699951171875,4076.699951171875
2025-11-21,4076.699951171875,4087.8571428571427,4082.919970703125,-127.699951171875,4056.5,4091.89990234375
2025-11-24,4091.89990234375,4074.285714285714,4082.3632975260416,-95.0,4076.699951171875,4139.2001953125
2025-11-25,4139.2001953125,4081.657156808036,4082.3799641927085,51.60009765625,4091.89990234375,4165.2001953125
2025-11-26,4165.2001953125,4095.5000348772323,4081.9899739583334,96.900146484375,4139.2001953125,4218.2998046875
2025-11-28,4218.2998046875,4117.928571428572,4079.9266276041667,156.999755859375,4165.2001953125,4239.2998046875
2025-12-01,4239.2998046875,4141.014264787947,4081.573291015625,161.599853515625,4218.2998046875,4186.60009765625
2025-12-02,4186.60009765625,4159.599993024553,4076.5799641927083,130.10009765625,4239.2998046875,4199.2998046875
2025-12-03,4199.2998046875,4177.1142578125,4080.2999593098957,122.599853515625,4186.60009765625,4211.7998046875
2025-12-04,4211.7998046875,4194.242815290178,4085.8799560546877,119.89990234375,4199.2998046875,4212.89990234375
2025-12-05,4212.89990234375,4204.771344866072,4088.7932861328127,73.69970703125,4211.7998046875,4187.2001953125
2025-12-08,4187.2001953125,4207.914202008928,4091.086629231771,22.0,4212.89990234375,4206.7001953125
2025-12-09,4206.7001953125,4206.257114955357,4097.913305664062,-11.599609375,4187.2001953125,4196.39990234375
2025-12-10,4196.39990234375,4200.128557477678,4105.586637369792,-42.89990234375,4206.7001953125,4285.5
2025-12-11,4285.5,4214.257114955357,4115.646638997396,98.89990234375,4196.39990234375,4300.10009765625
2025-12-12,4300.10009765625,4228.657156808035,4125.606640625,100.80029296875,4285.5,4306.7001953125
2025-12-15,4306.7001953125,4242.21435546875,4136.423315429687,94.900390625,4300.10009765625,4304.5
2025-12-16,4304.5,4255.300083705357,4146.563313802083,91.60009765625,4306.7001953125,4347.5
2025-12-17,4347.5,4278.200055803572,4159.889982096354,160.2998046875,4304.5,4339.5
2025-12-18,4339.5,4297.171456473215,4171.863313802083,132.7998046875,4347.5,4361.39990234375
2025-12-19,4361.39990234375,4320.742885044643,4184.57998046875,165.0,4339.5,4444.60009765625
2025-12-22,4444.60009765625,4343.471470424107,4199.419986979166,159.10009765625,4361.39990234375,4482.7998046875
2025-12-23,4482.7998046875,4369.571428571428,4211.786653645833,182.69970703125,4444.60009765625,4480.60009765625
2025-12-24,4480.60009765625,4394.414271763393,4224.246663411458,173.89990234375,4482.7998046875,4529.10009765625
2025-12-26,4529.10009765625,4426.5,4235.070003255209,224.60009765625,4480.60009765625,4325.10009765625
2025-12-29,4325.10009765625,4423.300013950893,4239.676676432292,-22.39990234375,4529.10009765625,4370.10009765625
2025-12-30,4370.10009765625,4427.671456473215,4249.093343098958,30.60009765625,4325.10009765625,4325.60009765625
2025-12-31,4325.60009765625,4422.557198660715,4257.670011393229,-35.7998046875,4370.10009765625,4314.39990234375
2026-01-02,4314.39990234375,4403.957170758928,4266.106673177083,-130.2001953125,4325.60009765625,4436.89990234375
2026-01-05,4436.89990234375,4397.400041852678,4278.080004882812,-45.89990234375,4314.39990234375,4482.2001953125
2026-01-06,4482.2001953125,4397.628627232143,4292.270011393229,1.60009765625,4436.89990234375,4449.2998046875
2026-01-07,4449.2998046875,4386.228585379465,4304.690006510416,-79.80029296875,4482.2001953125,4449.7001953125
2026-01-08,4449.7001953125,4404.028599330357,4316.616682942708,124.60009765625,4449.2998046875,4490.2998046875
2026-01-09,4490.2998046875,4421.199986049107,4328.320003255209,120.19970703125,4449.7001953125,4604.2998046875
2026-01-12,4604.2998046875,4461.014229910715,4342.956656901041,278.69970703125,4490.2998046875,4589.2001953125
2026-01-13,4589.2001953125,4500.271414620535,4355.320003255209,274.80029296875,4604.2998046875,4626.2998046875
2026-01-14,4626.2998046875,4527.328543526785,4368.220003255208,189.39990234375,4589.2001953125,4616.2998046875
2026-01-15,4616.2998046875,4546.485630580357,4382.543326822916,134.099609375,4626.2998046875,4588.39990234375
2026-01-16,4588.39990234375,4566.357073102678,4395.513330078125,139.10009765625,4616.2998046875,4759.60009765625
2026-01-20,4759.60009765625,4610.628487723215,4413.77333984375,309.89990234375,4588.39990234375,4831.7998046875
2026-01-21,4831.7998046875,4659.414202008928,4434.403336588542,341.5,4759.60009765625,4908.7998046875
2026-01-22,4908.7998046875,4702.914202008928,4458.456656901041,304.5,4831.7998046875,4976.2001953125
2026-01-23,4976.2001953125,4758.199916294643,4484.106656901042,387.0,4908.7998046875,5079.7001953125
2026-01-26,5079.7001953125,4822.971400669643,4513.55,453.400390625,4976.2001953125,5079.89990234375
2026-01-27,5079.89990234375,4889.199986049107,4540.029996744792,463.60009765625,5079.7001953125,5301.60009765625
2026-01-28,5301.60009765625,4991.085728236607,4573.413330078125,713.2001953125,5079.89990234375,5318.39990234375
2026-01-29,5318.39990234375,5070.914271763393,4607.136653645834,558.7998046875,5301.60009765625,4713.89990234375
2026-01-30,4713.89990234375,5054.071428571428,4620.783317057291,-117.89990234375,5318.39990234375,4622.5
2026-02-02,4622.5,5013.171456473215,4629.949983723958,-286.2998046875,4713.89990234375,4903.7001953125
2026-02-03,4903.7001953125,5002.814313616072,4648.756656901041,-72.5,4622.5,4920.39990234375
2026-02-04,4920.39990234375,4980.05712890625,4667.389990234375,-159.30029296875,4903.7001953125,4861.39990234375
2026-02-05,4861.39990234375,4948.842843191965,4681.283317057291,-218.5,4920.39990234375,4951.2001953125
2026-02-06,4951.2001953125,4898.785714285715,4696.896663411459,-350.39990234375,4861.39990234375,5050.89990234375
2026-02-09,5050.89990234375,4860.571428571428,4715.906656901042,-267.5,4951.2001953125,5003.7998046875
2026-02-10,5003.7998046875,4901.985700334822,4731.72998046875,289.89990234375,5050.89990234375,5071.60009765625
2026-02-11,5071.60009765625,4966.142857142857,4756.613313802083,449.10009765625,5003.7998046875,4923.7001953125
2026-02-12,4923.7001953125,4969.0,4775.066650390625,20.0,5071.60009765625,5022.0
2026-02-13,5022.0,4983.514299665178,4798.27998046875,101.60009765625,4923.7001953125,4882.89990234375
2026-02-17,4882.89990234375,4986.585728236607,4817.22998046875,21.5,5022.0,4986.5
2026-02-18,4986.5,4991.628557477678,4835.549983723959,35.2998046875,4882.89990234375,4975.89990234375
2026-02-19,4975.89990234375,4980.914271763393,4852.006640625,-75.0,4986.5,5059.2998046875
2026-02-20,5059.2998046875,4988.842843191965,4872.339973958334,55.5,4975.89990234375,5204.7001953125
2026-02-23,5204.7001953125,5007.857142857143,4897.506640625,133.10009765625,5059.2998046875,5155.7998046875
2026-02-24,5155.7998046875,5041.014229910715,4919.689973958333,232.099609375,5204.7001953125,5206.39990234375
2026-02-25,5206.39990234375,5067.357073102678,4939.759977213542,184.39990234375,5155.7998046875,5176.5
2026-02-26,5176.5,5109.299944196428,4959.336637369792,293.60009765625,5206.39990234375,5230.5
2026-02-27,5230.5,5144.157087053572,4979.476643880208,244.0,5176.5,5294.39990234375
2026-03-02,5294.39990234375,5189.657087053572,5002.07998046875,318.5,5230.5,5107.39990234375
2026-03-03,5107.39990234375,5196.528529575893,5019.37998046875,48.10009765625,5294.39990234375,5120.2001953125
2026-03-04,5120.2001953125,5184.457101004465,5031.399983723958,-84.5,5107.39990234375,5065.2998046875
2026-03-05,5065.2998046875,5171.528529575893,5039.183317057292,-90.5,5120.2001953125,5146.10009765625
2026-03-06,5146.10009765625,5162.914271763393,5047.093326822916,-60.2998046875,5065.2998046875,5091.5
2026-03-09,5091.5,5150.771414620535,5050.936653645834,-85.0,5146.10009765625,5229.7001953125
2026-03-10,5229.7001953125,5150.657156808035,5055.936653645834,-0.7998046875,5091.5,5167.39990234375
2026-03-11,5167.39990234375,5132.514299665178,5058.8533203125,-127.0,5229.7001953125,5115.7998046875
2026-03-12,5115.7998046875,5133.714285714285,5052.659977213541,8.39990234375,5167.39990234375,5052.5
2026-03-13,5052.5,5124.042829241072,5043.796647135417,-67.7001953125,5115.7998046875,4994.0
2026-03-16,4994.0,5113.857142857143,5053.133317057292,-71.2998046875,5052.5,5001.0
2026-03-17,5001.0,5093.128557477678,5065.749983723958,-145.10009765625,4994.0,4889.89990234375
2026-03-18,4889.89990234375,5064.328543526785,5065.289973958334,-201.60009765625,5001.0,4600.7001953125
2026-03-19,4600.7001953125,4974.471400669643,5054.633317057292,-629.0,4889.89990234375,4570.39990234375
2026-03-20,4570.39990234375,4889.185686383928,5044.933317057292,-597.0,4600.7001953125,4404.10009765625
2026-03-23,4404.10009765625,4787.514299665178,5026.696647135416,-711.69970703125,4570.39990234375,4399.2998046875
2026-03-24,4399.2998046875,4694.199986049107,5004.976643880208,-653.2001953125,4404.10009765625,4549.7998046875
2026-03-25,4549.7998046875,4630.742815290178,4989.843310546875,-444.2001953125,4399.2998046875,4375.5
2026-03-26,4375.5,4541.385672433035,4966.639973958333,-625.5,4549.7998046875,4492.0
2026-03-27,4492.0,4484.542829241072,4952.249967447917,-397.89990234375,4375.5,4526.0
2026-03-30,4526.0,4473.871372767857,4935.716634114583,-74.7001953125,4492.0,4647.60009765625
2026-03-31,4647.60009765625,4484.899972098215,4927.873307291667,77.2001953125,4526.0,4783.2001953125
2026-04-01,4783.2001953125,4539.05712890625,4921.096647135417,379.10009765625,4647.60009765625,4651.5
2026-04-02,4651.5,4575.085728236607,4910.283317057291,252.2001953125,4783.2001953125,4656.7998046875
2026-04-06,4656.7998046875,4590.371442522322,4896.866650390625,107.0,4651.5,4657.10009765625
2026-04-07,4657.10009765625,4630.600027901785,4878.613313802083,281.60009765625,4656.7998046875,4749.5
2026-04-08,4749.5,4667.3857421875,4865.069986979167,257.5,4657.10009765625,4792.2001953125
2026-04-09,4792.2001953125,4705.414341517857,4851.263330078125,266.2001953125,4749.5,4761.89990234375
2026-04-10,4761.89990234375,4721.742885044643,4837.443326822917,114.2998046875,4792.2001953125,4742.39990234375
2026-04-13,4742.39990234375,4715.914271763393,4821.173323567708,-40.80029296875,4761.89990234375,4825.0
2026-04-14,4825.0,4740.699986049107,4805.52666015625,173.5,4742.39990234375,4800.0
2026-04-15,4800.0,4761.157156808035,4795.279996744792,143.2001953125,4825.0,4785.39990234375
2026-04-16,4785.39990234375,4779.485700334822,4784.119986979166,128.2998046875,4800.0,4857.60009765625
2026-04-17,4857.60009765625,4794.928571428572,4777.196663411459,108.10009765625,4785.39990234375,4806.60009765625
2026-04-20,4806.60009765625,4796.985700334822,4765.879996744791,14.39990234375,4857.60009765625,4754.60009765625
